,return,equity
2020-12-07,0.0,100000.0
2020-12-08,0.0,100000.0
2020-12-09,0.0,100000.0
2020-12-10,0.0,100000.0
2020-12-11,0.0,100000.0
2020-12-14,0.0,100000.0
2020-12-15,0.0,100000.0
2020-12-16,0.0,100000.0
2020-12-17,0.0,100000.0
2020-12-18,0.0,100000.0
2020-12-21,0.0,100000.0
2020-12-22,0.0,100000.0
2020-12-23,0.0,100000.0
2020-12-24,0.0,100000.0
2020-12-28,0.0,100000.0
2020-12-29,0.0,100000.0
2020-12-30,0.0,100000.0
2020-12-31,0.0,100000.0
2021-01-04,0.0,100000.0
2021-01-05,0.0,100000.0
2021-01-06,0.0,100000.0
2021-01-07,0.0,100000.0
2021-01-08,0.0,100000.0
2021-01-11,0.0,100000.0
2021-01-12,0.0,100000.0
2021-01-13,0.0,100000.0
2021-01-14,0.0,100000.0
2021-01-15,0.0,100000.0
2021-01-19,0.0,100000.0
2021-01-20,0.0,100000.0
2021-01-21,0.0,100000.0
2021-01-22,0.0,100000.0
2021-01-25,0.0,100000.0
2021-01-26,0.0,100000.0
2021-01-27,0.0,100000.0
2021-01-28,0.0,100000.0
2021-01-29,0.0,100000.0
2021-02-01,0.0,100000.0
2021-02-02,0.0,100000.0
2021-02-03,0.0,100000.0
2021-02-04,0.0,100000.0
2021-02-05,0.0,100000.0
2021-02-08,0.0,100000.0
2021-02-09,0.0,100000.0
2021-02-10,0.0,100000.0
2021-02-11,0.0,100000.0
2021-02-12,0.0,100000.0
2021-02-16,0.0,100000.0
2021-02-17,0.0,100000.0
2021-02-18,0.0,100000.0
2021-02-19,0.0,100000.0
2021-02-22,0.0,100000.0
2021-02-23,0.0,100000.0
2021-02-24,0.0,100000.0
2021-02-25,0.0,100000.0
2021-02-26,0.0,100000.0
2021-03-01,0.0,100000.0
2021-03-02,0.0,100000.0
2021-03-03,0.0,100000.0
2021-03-04,0.0,100000.0
2021-03-05,0.0,100000.0
2021-03-08,0.0,100000.0
2021-03-09,0.0,100000.0
2021-03-10,-0.0006079437255859244,99939.2056274414
2021-03-11,0.0011141722270615606,100050.5551147461
2021-03-12,-0.0008475360047393021,99965.7586669922
2021-03-15,0.0004455321948344526,100010.29663085939
2021-03-16,0.00021828196767104124,100032.12707519533
2021-03-17,0.0,100032.12707519533
2021-03-18,0.0,100032.12707519533
2021-03-19,0.0,100032.12707519533
2021-03-22,0.0,100032.12707519533
2021-03-23,0.0,100032.12707519533
2021-03-24,0.0,100032.12707519533
2021-03-25,0.0,100032.12707519533
2021-03-26,0.0,100032.12707519533
2021-03-29,0.0,100032.12707519533
2021-03-30,0.0,100032.12707519533
2021-03-31,0.0,100032.12707519533
2021-04-01,0.0,100032.12707519533
2021-04-05,0.0,100032.12707519533
2021-04-06,0.0,100032.12707519533
2021-04-07,0.0,100032.12707519533
2021-04-08,0.0,100032.12707519533
2021-04-09,0.0,100032.12707519533
2021-04-12,0.0,100032.12707519533
2021-04-13,0.0,100032.12707519533
2021-04-14,0.0,100032.12707519533
2021-04-15,0.0,100032.12707519533
2021-04-16,0.0,100032.12707519533
2021-04-19,0.0,100032.12707519533
2021-04-20,0.0,100032.12707519533
2021-04-21,0.0,100032.12707519533
2021-04-22,0.0,100032.12707519533
2021-04-23,0.0,100032.12707519533
2021-04-26,0.0,100032.12707519533
2021-04-27,0.0,100032.12707519533
2021-04-28,0.0,100032.12707519533
2021-04-29,0.0,100032.12707519533
2021-04-30,0.0,100032.12707519533
2021-05-03,0.0,100032.12707519533
2021-05-04,0.0,100032.12707519533
2021-05-05,0.0,100032.12707519533
2021-05-06,0.0,100032.12707519533
2021-05-07,0.0,100032.12707519533
2021-05-10,0.0,100032.12707519533
2021-05-11,0.0,100032.12707519533
2021-05-12,0.0,100032.12707519533
2021-05-13,0.0,100032.12707519533
2021-05-14,0.0,100032.12707519533
2021-05-17,0.0,100032.12707519533
2021-05-18,0.0,100032.12707519533
2021-05-19,0.0,100032.12707519533
2021-05-20,0.0,100032.12707519533
2021-05-21,0.0,100032.12707519533
2021-05-24,0.0,100032.12707519533
2021-05-25,0.0,100032.12707519533
2021-05-26,0.0,100032.12707519533
2021-05-27,0.0,100032.12707519533
2021-05-28,0.0,100032.12707519533
2021-06-01,0.0,100032.12707519533
2021-06-02,0.0,100032.12707519533
2021-06-03,0.0,100032.12707519533
2021-06-04,0.0,100032.12707519533
2021-06-07,0.0,100032.12707519533
2021-06-08,0.0,100032.12707519533
2021-06-09,0.0,100032.12707519533
2021-06-10,0.0,100032.12707519533
2021-06-11,0.0,100032.12707519533
2021-06-14,0.0,100032.12707519533
2021-06-15,0.0,100032.12707519533
2021-06-16,0.0,100032.12707519533
2021-06-17,0.0,100032.12707519533
2021-06-18,0.0,100032.12707519533
2021-06-21,0.0,100032.12707519533
2021-06-22,0.0,100032.12707519533
2021-06-23,0.0,100032.12707519533
2021-06-24,0.0,100032.12707519533
2021-06-25,0.0,100032.12707519533
2021-06-28,0.0,100032.12707519533
2021-06-29,0.0,100032.12707519533
2021-06-30,0.0,100032.12707519533
2021-07-01,0.0,100032.12707519533
2021-07-02,0.0,100032.12707519533
2021-07-06,0.0,100032.12707519533
2021-07-07,0.0,100032.12707519533
2021-07-08,0.0,100032.12707519533
2021-07-09,0.0,100032.12707519533
2021-07-12,0.0,100032.12707519533
2021-07-13,0.0,100032.12707519533
2021-07-14,0.0,100032.12707519533
2021-07-15,0.0,100032.12707519533
2021-07-16,0.0,100032.12707519533
2021-07-19,0.0,100032.12707519533
2021-07-20,0.0,100032.12707519533
2021-07-21,0.0,100032.12707519533
2021-07-22,0.0,100032.12707519533
2021-07-23,0.0,100032.12707519533
2021-07-26,0.0,100032.12707519533
2021-07-27,0.0,100032.12707519533
2021-07-28,0.0,100032.12707519533
2021-07-29,0.0,100032.12707519533
2021-07-30,0.0,100032.12707519533
2021-08-02,0.0,100032.12707519533
2021-08-03,0.0,100032.12707519533
2021-08-04,0.0,100032.12707519533
2021-08-05,0.0,100032.12707519533
2021-08-06,0.0,100032.12707519533
2021-08-09,0.0,100032.12707519533
2021-08-10,0.0,100032.12707519533
2021-08-11,0.0,100032.12707519533
2021-08-12,0.0,100032.12707519533
2021-08-13,0.0,100032.12707519533
2021-08-16,0.0,100032.12707519533
2021-08-17,0.0,100032.12707519533
2021-08-18,0.0,100032.12707519533
2021-08-19,0.0,100032.12707519533
2021-08-20,0.0,100032.12707519533
2021-08-23,0.0,100032.12707519533
2021-08-24,0.0,100032.12707519533
2021-08-25,0.0,100032.12707519533
2021-08-26,0.0,100032.12707519533
2021-08-27,0.0,100032.12707519533
2021-08-30,0.0,100032.12707519533
2021-08-31,0.0,100032.12707519533
2021-09-01,0.0,100032.12707519533
2021-09-02,0.0,100032.12707519533
2021-09-03,0.0,100032.12707519533
2021-09-07,0.0,100032.12707519533
2021-09-08,0.0,100032.12707519533
2021-09-09,0.0,100032.12707519533
2021-09-10,0.0,100032.12707519533
2021-09-13,0.0,100032.12707519533
2021-09-14,0.0,100032.12707519533
2021-09-15,0.0,100032.12707519533
2021-09-16,0.0,100032.12707519533
2021-09-17,0.0,100032.12707519533
2021-09-20,0.0,100032.12707519533
2021-09-21,0.0,100032.12707519533
2021-09-22,0.0,100032.12707519533
2021-09-23,0.0,100032.12707519533
2021-09-24,0.0,100032.12707519533
2021-09-27,0.0,100032.12707519533
2021-09-28,0.0,100032.12707519533
2021-09-29,0.0,100032.12707519533
2021-09-30,0.0,100032.12707519533
2021-10-01,0.0,100032.12707519533
2021-10-04,0.0,100032.12707519533
2021-10-05,0.0,100032.12707519533
2021-10-06,0.0,100032.12707519533
2021-10-07,0.0,100032.12707519533
2021-10-08,0.0,100032.12707519533
2021-10-11,0.0,100032.12707519533
2021-10-12,0.0,100032.12707519533
2021-10-13,0.0,100032.12707519533
2021-10-14,0.0,100032.12707519533
2021-10-15,0.0,100032.12707519533
2021-10-18,0.0,100032.12707519533
2021-10-19,0.0,100032.12707519533
2021-10-20,0.0,100032.12707519533
2021-10-21,0.0,100032.12707519533
2021-10-22,0.0,100032.12707519533
2021-10-25,0.0,100032.12707519533
2021-10-26,0.0,100032.12707519533
2021-10-27,0.0,100032.12707519533
2021-10-28,0.0,100032.12707519533
2021-10-29,0.0,100032.12707519533
2021-11-01,0.0,100032.12707519533
2021-11-02,0.0,100032.12707519533
2021-11-03,0.0,100032.12707519533
2021-11-04,0.0,100032.12707519533
2021-11-05,0.0,100032.12707519533
2021-11-08,0.0,100032.12707519533
2021-11-09,0.0,100032.12707519533
2021-11-10,0.0,100032.12707519533
2021-11-11,0.0,100032.12707519533
2021-11-12,0.0,100032.12707519533
2021-11-15,0.0,100032.12707519533
2021-11-16,0.0,100032.12707519533
2021-11-17,0.0,100032.12707519533
2021-11-18,0.0,100032.12707519533
2021-11-19,0.0,100032.12707519533
2021-11-22,0.0,100032.12707519533
2021-11-23,0.0,100032.12707519533
2021-11-24,0.0,100032.12707519533
2021-11-26,0.0,100032.12707519533
2021-11-29,0.0,100032.12707519533
2021-11-30,0.0,100032.12707519533
2021-12-01,0.0,100032.12707519533
2021-12-02,0.0,100032.12707519533
2021-12-03,0.0,100032.12707519533
2021-12-06,0.0,100032.12707519533
2021-12-07,0.0027898376545127945,100311.20046997073
2021-12-08,0.0004984491291433191,100361.20050048831
2021-12-09,-0.001534270524082726,100207.21926879886
2021-12-10,0.0,100207.21926879886
2021-12-13,0.0,100207.21926879886
2021-12-14,0.0,100207.21926879886
2021-12-15,0.0,100207.21926879886
2021-12-16,0.0,100207.21926879886
2021-12-17,0.0,100207.21926879886
2021-12-20,0.0,100207.21926879886
2021-12-21,0.0,100207.21926879886
2021-12-22,0.0,100207.21926879886
2021-12-23,0.0,100207.21926879886
2021-12-27,0.0,100207.21926879886
2021-12-28,0.0,100207.21926879886
2021-12-29,0.0,100207.21926879886
2021-12-30,0.0,100207.21926879886
2021-12-31,0.0,100207.21926879886
2022-01-03,0.0,100207.21926879886
2022-01-04,0.0,100207.21926879886
2022-01-05,0.0,100207.21926879886
2022-01-06,0.0,100207.21926879886
2022-01-07,0.0,100207.21926879886
2022-01-10,0.0,100207.21926879886
2022-01-11,0.0,100207.21926879886
2022-01-12,0.0,100207.21926879886
2022-01-13,0.0,100207.21926879886
2022-01-14,0.0,100207.21926879886
2022-01-18,0.0,100207.21926879886
2022-01-19,0.0,100207.21926879886
2022-01-20,0.0,100207.21926879886
2022-01-21,0.0,100207.21926879886
2022-01-24,0.0,100207.21926879886
2022-01-25,0.0,100207.21926879886
2022-01-26,0.0,100207.21926879886
2022-01-27,0.0,100207.21926879886
2022-01-28,0.0,100207.21926879886
2022-01-31,0.0,100207.21926879886
2022-02-01,0.0,100207.21926879886
2022-02-02,0.0,100207.21926879886
2022-02-03,0.0,100207.21926879886
2022-02-04,0.0,100207.21926879886
2022-02-07,0.0,100207.21926879886
2022-02-08,0.0,100207.21926879886
2022-02-09,0.0,100207.21926879886
2022-02-10,0.0,100207.21926879886
2022-02-11,0.0,100207.21926879886
2022-02-14,0.0,100207.21926879886
2022-02-15,0.0,100207.21926879886
2022-02-16,0.0,100207.21926879886
2022-02-17,0.0,100207.21926879886
2022-02-18,0.0,100207.21926879886
2022-02-22,0.0,100207.21926879886
2022-02-23,0.0,100207.21926879886
2022-02-24,0.0,100207.21926879886
2022-02-25,0.0,100207.21926879886
2022-02-28,0.00010470003354345891,100217.71096801759
2022-03-01,0.0,100217.71096801759
2022-03-02,0.0,100217.71096801759
2022-03-03,0.0,100217.71096801759
2022-03-04,0.0,100217.71096801759
2022-03-07,0.0,100217.71096801759
2022-03-08,0.0,100217.71096801759
2022-03-09,0.0,100217.71096801759
2022-03-10,0.0,100217.71096801759
2022-03-11,0.0,100217.71096801759
2022-03-14,0.0,100217.71096801759
2022-03-15,0.0,100217.71096801759
2022-03-16,0.0,100217.71096801759
2022-03-17,0.0,100217.71096801759
2022-03-18,0.0,100217.71096801759
2022-03-21,0.0,100217.71096801759
2022-03-22,0.0,100217.71096801759
2022-03-23,0.0,100217.71096801759
2022-03-24,0.0,100217.71096801759
2022-03-25,0.0,100217.71096801759
2022-03-28,0.0,100217.71096801759
2022-03-29,0.0,100217.71096801759
2022-03-30,0.0,100217.71096801759
2022-03-31,0.0,100217.71096801759
2022-04-01,0.0,100217.71096801759
2022-04-04,0.0,100217.71096801759
2022-04-05,0.0,100217.71096801759
2022-04-06,0.0,100217.71096801759
2022-04-07,0.0,100217.71096801759
2022-04-08,0.0,100217.71096801759
2022-04-11,0.0,100217.71096801759
2022-04-12,0.0,100217.71096801759
2022-04-13,0.0,100217.71096801759
2022-04-14,0.0,100217.71096801759
2022-04-18,0.0,100217.71096801759
2022-04-19,0.0,100217.71096801759
2022-04-20,0.0,100217.71096801759
2022-04-21,0.0,100217.71096801759
2022-04-22,0.0,100217.71096801759
2022-04-25,0.0,100217.71096801759
2022-04-26,0.0,100217.71096801759
2022-04-27,0.0,100217.71096801759
2022-04-28,0.0,100217.71096801759
2022-04-29,0.0,100217.71096801759
2022-05-02,0.0,100217.71096801759
2022-05-03,0.0,100217.71096801759
2022-05-04,0.0,100217.71096801759
2022-05-05,0.0,100217.71096801759
2022-05-06,0.0,100217.71096801759
2022-05-09,0.0,100217.71096801759
2022-05-10,0.0,100217.71096801759
2022-05-11,-0.0017807766793414004,100039.24560546878
2022-05-12,0.00010471354320773507,100049.72106933597
2022-05-13,0.002783687332024387,100328.22821044925
2022-05-16,-0.0009735112045634597,100230.55755615237
2022-05-17,0.0023312270475666086,100464.21774291997
2022-05-18,-0.003592625981623687,100103.28738403325
2022-05-19,-0.0002752113468680317,100075.73782348637
2022-05-20,8.630151943167519e-05,100084.3745117188
2022-05-23,0.0,100084.3745117188
2022-05-24,0.0,100084.3745117188
2022-05-25,0.0,100084.3745117188
2022-05-26,0.0,100084.3745117188
2022-05-27,0.0,100084.3745117188
2022-05-31,0.0,100084.3745117188
2022-06-01,0.0,100084.3745117188
2022-06-02,0.0,100084.3745117188
2022-06-03,0.0,100084.3745117188
2022-06-06,0.0,100084.3745117188
2022-06-07,0.0,100084.3745117188
2022-06-08,0.0,100084.3745117188
2022-06-09,0.0,100084.3745117188
2022-06-10,0.0,100084.3745117188
2022-06-13,0.0,100084.3745117188
2022-06-14,0.0,100084.3745117188
2022-06-15,0.0,100084.3745117188
2022-06-16,0.0,100084.3745117188
2022-06-17,0.0,100084.3745117188
2022-06-21,0.0,100084.3745117188
2022-06-22,0.0,100084.3745117188
2022-06-23,0.0,100084.3745117188
2022-06-24,0.0,100084.3745117188
2022-06-27,0.0,100084.3745117188
2022-06-28,0.0,100084.3745117188
2022-06-29,0.0,100084.3745117188
2022-06-30,0.0,100084.3745117188
2022-07-01,0.0,100084.3745117188
2022-07-05,0.0,100084.3745117188
2022-07-06,0.0,100084.3745117188
2022-07-07,0.0,100084.3745117188
2022-07-08,0.0,100084.3745117188
2022-07-11,0.0,100084.3745117188
2022-07-12,0.0,100084.3745117188
2022-07-13,0.0,100084.3745117188
2022-07-14,0.0,100084.3745117188
2022-07-15,0.0,100084.3745117188
2022-07-18,0.0,100084.3745117188
2022-07-19,0.0,100084.3745117188
2022-07-20,0.0,100084.3745117188
2022-07-21,0.0,100084.3745117188
2022-07-22,0.0,100084.3745117188
2022-07-25,0.0,100084.3745117188
2022-07-26,0.0,100084.3745117188
2022-07-27,0.0,100084.3745117188
2022-07-28,0.0,100084.3745117188
2022-07-29,0.0,100084.3745117188
2022-08-01,0.0,100084.3745117188
2022-08-02,0.0,100084.3745117188
2022-08-03,0.0,100084.3745117188
2022-08-04,0.0,100084.3745117188
2022-08-05,0.0,100084.3745117188
2022-08-08,0.0,100084.3745117188
2022-08-09,0.0,100084.3745117188
2022-08-10,0.0,100084.3745117188
2022-08-11,0.0,100084.3745117188
2022-08-12,0.0,100084.3745117188
2022-08-15,0.0,100084.3745117188
2022-08-16,0.0,100084.3745117188
2022-08-17,0.0,100084.3745117188
2022-08-18,0.0,100084.3745117188
2022-08-19,0.0,100084.3745117188
2022-08-22,0.0,100084.3745117188
2022-08-23,0.0,100084.3745117188
2022-08-24,0.0,100084.3745117188
2022-08-25,0.0,100084.3745117188
2022-08-26,0.0,100084.3745117188
2022-08-29,0.0,100084.3745117188
2022-08-30,0.0,100084.3745117188
2022-08-31,0.0,100084.3745117188
2022-09-01,0.0,100084.3745117188
2022-09-02,0.0,100084.3745117188
2022-09-06,0.0,100084.3745117188
2022-09-07,0.0,100084.3745117188
2022-09-08,0.0,100084.3745117188
2022-09-09,0.0,100084.3745117188
2022-09-12,0.0,100084.3745117188
2022-09-13,0.0,100084.3745117188
2022-09-14,0.0,100084.3745117188
2022-09-15,0.0,100084.3745117188
2022-09-16,0.0,100084.3745117188
2022-09-19,0.0,100084.3745117188
2022-09-20,0.0,100084.3745117188
2022-09-21,0.0,100084.3745117188
2022-09-22,0.0,100084.3745117188
2022-09-23,0.0,100084.3745117188
2022-09-26,0.0,100084.3745117188
2022-09-27,0.0,100084.3745117188
2022-09-28,0.0,100084.3745117188
2022-09-29,0.0,100084.3745117188
2022-09-30,0.0,100084.3745117188
2022-10-03,0.0,100084.3745117188
2022-10-04,0.0,100084.3745117188
2022-10-05,0.0,100084.3745117188
2022-10-06,0.0,100084.3745117188
2022-10-07,0.0,100084.3745117188
2022-10-10,0.0,100084.3745117188
2022-10-11,0.0,100084.3745117188
2022-10-12,0.0,100084.3745117188
2022-10-13,0.0,100084.3745117188
2022-10-14,0.0,100084.3745117188
2022-10-17,0.0,100084.3745117188
2022-10-18,0.0007763865536130066,100162.07867431645
2022-10-19,-0.0008366261851046053,100078.28045654301
2022-10-20,0.0,100078.28045654301
2022-10-21,0.0,100078.28045654301
2022-10-24,0.0,100078.28045654301
2022-10-25,0.0,100078.28045654301
2022-10-26,0.0,100078.28045654301
2022-10-27,0.0,100078.28045654301
2022-10-28,0.0,100078.28045654301
2022-10-31,-0.0008972065981257549,99988.48956298832
2022-11-01,0.0,99988.48956298832
2022-11-02,0.0,99988.48956298832
2022-11-03,0.0,99988.48956298832
2022-11-04,0.0,99988.48956298832
2022-11-07,0.0,99988.48956298832
2022-11-08,0.0,99988.48956298832
2022-11-09,0.0,99988.48956298832
2022-11-10,0.0,99988.48956298832
2022-11-11,0.0,99988.48956298832
2022-11-14,0.0008231617661180746,100070.79626464848
2022-11-15,-0.001440972643045657,99926.59698486332
2022-11-16,0.0,99926.59698486332
2022-11-17,0.0,99926.59698486332
2022-11-18,0.0,99926.59698486332
2022-11-21,0.0,99926.59698486332
2022-11-22,0.0,99926.59698486332
2022-11-23,0.0,99926.59698486332
2022-11-25,0.0,99926.59698486332
2022-11-28,0.0,99926.59698486332
2022-11-29,0.0,99926.59698486332
2022-11-30,0.0,99926.59698486332
2022-12-01,0.0,99926.59698486332
2022-12-02,0.0,99926.59698486332
2022-12-05,0.0,99926.59698486332
2022-12-06,0.0,99926.59698486332
2022-12-07,0.0,99926.59698486332
2022-12-08,0.0,99926.59698486332
2022-12-09,0.0,99926.59698486332
2022-12-12,0.0,99926.59698486332
2022-12-13,0.0,99926.59698486332
2022-12-14,0.0,99926.59698486332
2022-12-15,0.0,99926.59698486332
2022-12-16,0.0,99926.59698486332
2022-12-19,0.0,99926.59698486332
2022-12-20,0.0,99926.59698486332
2022-12-21,0.0,99926.59698486332
2022-12-22,0.0,99926.59698486332
2022-12-23,0.0,99926.59698486332
2022-12-27,0.0,99926.59698486332
2022-12-28,0.0,99926.59698486332
2022-12-29,0.0,99926.59698486332
2022-12-30,0.0,99926.59698486332
2023-01-03,0.0,99926.59698486332
2023-01-04,0.0,99926.59698486332
2023-01-05,0.0,99926.59698486332
2023-01-06,0.0,99926.59698486332
2023-01-09,0.0,99926.59698486332
2023-01-10,0.0,99926.59698486332
2023-01-11,0.0,99926.59698486332
2023-01-12,0.0,99926.59698486332
2023-01-13,0.0,99926.59698486332
2023-01-17,0.0,99926.59698486332
2023-01-18,0.0,99926.59698486332
2023-01-19,0.0,99926.59698486332
2023-01-20,0.0,99926.59698486332
2023-01-23,0.0,99926.59698486332
2023-01-24,0.0,99926.59698486332
2023-01-25,0.0,99926.59698486332
2023-01-26,0.0,99926.59698486332
2023-01-27,0.0,99926.59698486332
2023-01-30,0.0,99926.59698486332
2023-01-31,0.0,99926.59698486332
2023-02-01,0.0,99926.59698486332
2023-02-02,0.0,99926.59698486332
2023-02-03,0.0,99926.59698486332
2023-02-06,0.0010251512956716002,100029.0368652344
2023-02-07,-0.0014257365235024189,99886.42181396487
2023-02-08,0.0013903853267767108,100025.30242919925
2023-02-09,0.0008247882567775644,100107.80212402348
2023-02-10,0.00017023274525040932,100124.84375000004
2023-02-13,-0.0008532377644939748,100039.41345214848
2023-02-14,-0.00044525297722775026,99994.8706054688
2023-02-15,0.0,99994.8706054688
2023-02-16,0.0,99994.8706054688
2023-02-17,0.0,99994.8706054688
2023-02-21,0.0,99994.8706054688
2023-02-22,0.0,99994.8706054688
2023-02-23,0.0,99994.8706054688
2023-02-24,0.0,99994.8706054688
2023-02-27,0.0,99994.8706054688
2023-02-28,0.0,99994.8706054688
2023-03-01,0.0,99994.8706054688
2023-03-02,0.0,99994.8706054688
2023-03-03,0.0,99994.8706054688
2023-03-06,0.0,99994.8706054688
2023-03-07,0.0,99994.8706054688
2023-03-08,0.0,99994.8706054688
2023-03-09,0.0,99994.8706054688
2023-03-10,0.0,99994.8706054688
2023-03-13,0.0,99994.8706054688
2023-03-14,0.0,99994.8706054688
2023-03-15,0.0,99994.8706054688
2023-03-16,0.0,99994.8706054688
2023-03-17,0.0,99994.8706054688
2023-03-20,0.0,99994.8706054688
2023-03-21,0.0,99994.8706054688
2023-03-22,0.0,99994.8706054688
2023-03-23,0.0,99994.8706054688
2023-03-24,0.0,99994.8706054688
2023-03-27,0.0,99994.8706054688
2023-03-28,0.0,99994.8706054688
2023-03-29,0.0,99994.8706054688
2023-03-30,0.0,99994.8706054688
2023-03-31,0.0,99994.8706054688
2023-04-03,0.0,99994.8706054688
2023-04-04,0.0,99994.8706054688
2023-04-05,0.0,99994.8706054688
2023-04-06,0.0,99994.8706054688
2023-04-10,0.0,99994.8706054688
2023-04-11,0.0,99994.8706054688
2023-04-12,0.0,99994.8706054688
2023-04-13,0.0,99994.8706054688
2023-04-14,0.0,99994.8706054688
2023-04-17,0.0,99994.8706054688
2023-04-18,0.0,99994.8706054688
2023-04-19,0.0,99994.8706054688
2023-04-20,0.0,99994.8706054688
2023-04-21,0.0,99994.8706054688
2023-04-24,0.0,99994.8706054688
2023-04-25,0.0,99994.8706054688
2023-04-26,0.0,99994.8706054688
2023-04-27,0.0,99994.8706054688
2023-04-28,0.0,99994.8706054688
2023-05-01,0.0,99994.8706054688
2023-05-02,0.0,99994.8706054688
2023-05-03,0.0,99994.8706054688
2023-05-04,0.0,99994.8706054688
2023-05-05,0.0,99994.8706054688
2023-05-08,0.0,99994.8706054688
2023-05-09,0.0,99994.8706054688
2023-05-10,0.0,99994.8706054688
2023-05-11,0.0,99994.8706054688
2023-05-12,0.0,99994.8706054688
2023-05-15,0.0,99994.8706054688
2023-05-16,0.0,99994.8706054688
2023-05-17,0.0,99994.8706054688
2023-05-18,0.0,99994.8706054688
2023-05-19,0.0,99994.8706054688
2023-05-22,0.0,99994.8706054688
2023-05-23,0.0,99994.8706054688
2023-05-24,0.0,99994.8706054688
2023-05-25,0.0,99994.8706054688
2023-05-26,0.0,99994.8706054688
2023-05-30,-0.00019705875294040442,99975.16574096686
2023-05-31,0.0007536875389266839,100050.51577758795
2023-06-01,0.0,100050.51577758795
2023-06-02,0.0,100050.51577758795
2023-06-05,0.0,100050.51577758795
2023-06-06,0.0,100050.51577758795
2023-06-07,0.0,100050.51577758795
2023-06-08,0.0,100050.51577758795
2023-06-09,0.0,100050.51577758795
2023-06-12,0.0,100050.51577758795
2023-06-13,0.0,100050.51577758795
2023-06-14,0.0,100050.51577758795
2023-06-15,0.0,100050.51577758795
2023-06-16,0.0,100050.51577758795
2023-06-20,0.0,100050.51577758795
2023-06-21,0.0,100050.51577758795
2023-06-22,0.0,100050.51577758795
2023-06-23,0.0,100050.51577758795
2023-06-26,0.0,100050.51577758795
2023-06-27,0.0,100050.51577758795
2023-06-28,0.0,100050.51577758795
2023-06-29,0.0,100050.51577758795
2023-06-30,0.0,100050.51577758795
2023-07-03,0.0,100050.51577758795
2023-07-05,0.0,100050.51577758795
2023-07-06,0.0,100050.51577758795
2023-07-07,0.0,100050.51577758795
2023-07-10,0.0,100050.51577758795
2023-07-11,0.0,100050.51577758795
2023-07-12,0.0,100050.51577758795
2023-07-13,0.0,100050.51577758795
2023-07-14,0.0,100050.51577758795
2023-07-17,0.0,100050.51577758795
2023-07-18,0.0,100050.51577758795
2023-07-19,0.0,100050.51577758795
2023-07-20,0.0,100050.51577758795
2023-07-21,0.0,100050.51577758795
2023-07-24,0.00027566457890215723,100078.09616088872
2023-07-25,0.0,100078.09616088872
2023-07-26,0.0,100078.09616088872
2023-07-27,0.0,100078.09616088872
2023-07-28,0.0,100078.09616088872
2023-07-31,0.0,100078.09616088872
2023-08-01,0.0,100078.09616088872
2023-08-02,0.0,100078.09616088872
2023-08-03,0.0,100078.09616088872
2023-08-04,0.0,100078.09616088872
2023-08-07,0.0,100078.09616088872
2023-08-08,0.0,100078.09616088872
2023-08-09,0.0,100078.09616088872
2023-08-10,0.0,100078.09616088872
2023-08-11,0.0,100078.09616088872
2023-08-14,0.0,100078.09616088872
2023-08-15,0.0,100078.09616088872
2023-08-16,0.0,100078.09616088872
2023-08-17,0.0,100078.09616088872
2023-08-18,0.0,100078.09616088872
2023-08-21,0.0,100078.09616088872
2023-08-22,0.0,100078.09616088872
2023-08-23,0.0,100078.09616088872
2023-08-24,0.0,100078.09616088872
2023-08-25,0.0,100078.09616088872
2023-08-28,0.0,100078.09616088872
2023-08-29,0.0,100078.09616088872
2023-08-30,0.0,100078.09616088872
2023-08-31,0.0,100078.09616088872
2023-09-01,0.0,100078.09616088872
2023-09-05,0.0,100078.09616088872
2023-09-06,0.0,100078.09616088872
2023-09-07,0.0,100078.09616088872
2023-09-08,0.0,100078.09616088872
2023-09-11,0.0,100078.09616088872
2023-09-12,0.0,100078.09616088872
2023-09-13,0.0,100078.09616088872
2023-09-14,0.0,100078.09616088872
2023-09-15,0.0,100078.09616088872
2023-09-18,0.0,100078.09616088872
2023-09-19,0.0,100078.09616088872
2023-09-20,0.0,100078.09616088872
2023-09-21,0.0,100078.09616088872
2023-09-22,0.0,100078.09616088872
2023-09-25,0.0,100078.09616088872
2023-09-26,0.0,100078.09616088872
2023-09-27,0.0,100078.09616088872
2023-09-28,0.0,100078.09616088872
2023-09-29,0.0,100078.09616088872
2023-10-02,0.0,100078.09616088872
2023-10-03,0.0,100078.09616088872
2023-10-04,0.0,100078.09616088872
2023-10-05,0.0,100078.09616088872
2023-10-06,0.0,100078.09616088872
2023-10-09,0.0,100078.09616088872
2023-10-10,0.0,100078.09616088872
2023-10-11,0.0,100078.09616088872
2023-10-12,0.0,100078.09616088872
2023-10-13,0.0,100078.09616088872
2023-10-16,0.0,100078.09616088872
2023-10-17,0.0,100078.09616088872
2023-10-18,0.0,100078.09616088872
2023-10-19,0.0,100078.09616088872
2023-10-20,0.0,100078.09616088872
2023-10-23,0.0,100078.09616088872
2023-10-24,0.0,100078.09616088872
2023-10-25,0.0,100078.09616088872
2023-10-26,0.0,100078.09616088872
2023-10-27,0.0004559281173315277,100123.72457885748
2023-10-30,0.0004935196439224132,100173.13760375981
2023-10-31,0.0007997246898001631,100253.2485351563
2023-11-01,0.0013414632985149222,100387.73458862309
2023-11-02,0.0017895575432769206,100567.38421630864
2023-11-03,0.0010729618663405383,100675.28918457036
2023-11-06,0.00032320894547499535,100707.82833862309
2023-11-07,0.000413013160281972,100749.42199707036
2023-11-08,0.0,100749.42199707036
2023-11-09,0.0,100749.42199707036
2023-11-10,0.0,100749.42199707036
2023-11-13,0.0,100749.42199707036
2023-11-14,0.0,100749.42199707036
2023-11-15,0.0,100749.42199707036
2023-11-16,0.0,100749.42199707036
2023-11-17,0.0,100749.42199707036
2023-11-20,0.0,100749.42199707036
2023-11-21,0.0,100749.42199707036
2023-11-22,0.0,100749.42199707036
2023-11-24,0.0,100749.42199707036
2023-11-27,0.0,100749.42199707036
2023-11-28,0.0,100749.42199707036
2023-11-29,0.0,100749.42199707036
2023-11-30,0.0,100749.42199707036
2023-12-01,0.0,100749.42199707036
2023-12-04,-0.001012251913157236,100647.43820190434
2023-12-05,0.000230290323505411,100670.61633300784
2023-12-06,-0.0006321004476608216,100606.98239135745
2023-12-07,0.0014521806971006246,100753.08190917973
2023-12-08,0.0,100753.08190917973
2023-12-11,0.0,100753.08190917973
2023-12-12,0.0,100753.08190917973
2023-12-13,0.0,100753.08190917973
2023-12-14,0.0,100753.08190917973
2023-12-15,0.0,100753.08190917973
2023-12-18,0.0,100753.08190917973
2023-12-19,0.0,100753.08190917973
2023-12-20,0.0,100753.08190917973
2023-12-21,0.0,100753.08190917973
2023-12-22,0.0,100753.08190917973
2023-12-26,0.0,100753.08190917973
2023-12-27,0.0,100753.08190917973
2023-12-28,0.0,100753.08190917973
2023-12-29,0.0,100753.08190917973
2024-01-02,0.0,100753.08190917973
2024-01-03,0.0,100753.08190917973
2024-01-04,0.0,100753.08190917973
2024-01-05,0.0,100753.08190917973
2024-01-08,0.0,100753.08190917973
2024-01-09,0.0,100753.08190917973
2024-01-10,-0.0006369530993683981,100688.90692138676
2024-01-11,0.00018477231776481418,100707.51144409184
2024-01-12,0.0,100707.51144409184
2024-01-16,0.0,100707.51144409184
2024-01-17,0.0,100707.51144409184
2024-01-18,0.0,100707.51144409184
2024-01-19,0.0,100707.51144409184
2024-01-22,0.0,100707.51144409184
2024-01-23,0.0,100707.51144409184
2024-01-24,0.0,100707.51144409184
2024-01-25,0.0,100707.51144409184
2024-01-26,0.0,100707.51144409184
2024-01-29,0.0,100707.51144409184
2024-01-30,0.0,100707.51144409184
2024-01-31,0.0,100707.51144409184
2024-02-01,0.0,100707.51144409184
2024-02-02,0.0,100707.51144409184
2024-02-05,0.0,100707.51144409184
2024-02-06,0.0,100707.51144409184
2024-02-07,0.0,100707.51144409184
2024-02-08,0.0,100707.51144409184
2024-02-09,0.0,100707.51144409184
2024-02-12,0.0,100707.51144409184
2024-02-13,0.0,100707.51144409184
2024-02-14,0.0,100707.51144409184
2024-02-15,0.0,100707.51144409184
2024-02-16,0.0,100707.51144409184
2024-02-20,0.0,100707.51144409184
2024-02-21,0.0,100707.51144409184
2024-02-22,0.0,100707.51144409184
2024-02-23,0.0,100707.51144409184
2024-02-26,0.0,100707.51144409184
2024-02-27,0.0,100707.51144409184
2024-02-28,0.0,100707.51144409184
2024-02-29,0.0,100707.51144409184
2024-03-01,0.0,100707.51144409184
2024-03-04,0.0,100707.51144409184
2024-03-05,0.0,100707.51144409184
2024-03-06,0.0,100707.51144409184
2024-03-07,0.0,100707.51144409184
2024-03-08,0.0,100707.51144409184
2024-03-11,0.0,100707.51144409184
2024-03-12,0.0,100707.51144409184
2024-03-13,0.0,100707.51144409184
2024-03-14,0.0,100707.51144409184
2024-03-15,0.0,100707.51144409184
2024-03-18,0.0,100707.51144409184
2024-03-19,0.0,100707.51144409184
2024-03-20,0.0,100707.51144409184
2024-03-21,0.0,100707.51144409184
2024-03-22,0.0,100707.51144409184
2024-03-25,0.0,100707.51144409184
2024-03-26,0.0,100707.51144409184
2024-03-27,0.0,100707.51144409184
2024-03-28,0.0,100707.51144409184
2024-04-01,0.0,100707.51144409184
2024-04-02,0.0,100707.51144409184
2024-04-03,0.0,100707.51144409184
2024-04-04,0.0,100707.51144409184
2024-04-05,0.0,100707.51144409184
2024-04-08,0.0,100707.51144409184
2024-04-09,0.0,100707.51144409184
2024-04-10,0.0,100707.51144409184
2024-04-11,0.0,100707.51144409184
2024-04-12,0.0,100707.51144409184
2024-04-15,0.0,100707.51144409184
2024-04-16,0.0,100707.51144409184
2024-04-17,0.0,100707.51144409184
2024-04-18,0.0,100707.51144409184
2024-04-19,0.0,100707.51144409184
2024-04-22,0.0,100707.51144409184
2024-04-23,0.0019155051986945448,100900.4172058106
2024-04-24,9.626819437968948e-05,100910.13070678715
2024-04-25,0.00035856096735398246,100946.3131408692
2024-04-26,0.0,100946.3131408692
2024-04-29,0.0,100946.3131408692
2024-04-30,0.0,100946.3131408692
2024-05-01,0.0,100946.3131408692
2024-05-02,0.0,100946.3131408692
2024-05-03,0.0,100946.3131408692
2024-05-06,0.0,100946.3131408692
2024-05-07,0.0,100946.3131408692
2024-05-08,0.0,100946.3131408692
2024-05-09,0.0,100946.3131408692
2024-05-10,0.0,100946.3131408692
2024-05-13,0.0,100946.3131408692
2024-05-14,0.0,100946.3131408692
2024-05-15,0.0,100946.3131408692
2024-05-16,0.0,100946.3131408692
2024-05-17,0.0,100946.3131408692
2024-05-20,0.0,100946.3131408692
2024-05-21,0.0,100946.3131408692
2024-05-22,0.0,100946.3131408692
2024-05-23,0.0,100946.3131408692
2024-05-24,0.0,100946.3131408692
2024-05-28,0.0,100946.3131408692
2024-05-29,0.0,100946.3131408692
2024-05-30,0.0,100946.3131408692
2024-05-31,0.0,100946.3131408692
2024-06-03,0.0,100946.3131408692
2024-06-04,0.0,100946.3131408692
2024-06-05,0.0,100946.3131408692
2024-06-06,0.0,100946.3131408692
2024-06-07,0.0,100946.3131408692
2024-06-10,0.0,100946.3131408692
2024-06-11,0.0,100946.3131408692
2024-06-12,0.0,100946.3131408692
2024-06-13,0.0,100946.3131408692
2024-06-14,0.0,100946.3131408692
2024-06-17,0.0,100946.3131408692
2024-06-18,0.0,100946.3131408692
2024-06-20,0.0,100946.3131408692
2024-06-21,0.0,100946.3131408692
2024-06-24,0.0,100946.3131408692
2024-06-25,0.0,100946.3131408692
2024-06-26,0.0,100946.3131408692
2024-06-27,0.0,100946.3131408692
2024-06-28,0.0,100946.3131408692
2024-07-01,0.0,100946.3131408692
2024-07-02,0.0,100946.3131408692
2024-07-03,0.0,100946.3131408692
2024-07-05,0.0,100946.3131408692
2024-07-08,0.0,100946.3131408692
2024-07-09,0.0,100946.3131408692
2024-07-10,0.0,100946.3131408692
2024-07-11,0.0,100946.3131408692
2024-07-12,0.0,100946.3131408692
2024-07-15,0.0,100946.3131408692
2024-07-16,0.0,100946.3131408692
2024-07-17,0.0,100946.3131408692
2024-07-18,-0.00026944846478549334,100919.11331176764
2024-07-19,-0.0005417347113411131,100864.44192504889
2024-07-22,0.002344141773306996,101100.88247680668
2024-07-23,0.0,101100.88247680668
2024-07-24,0.0,101100.88247680668
2024-07-25,0.0,101100.88247680668
2024-07-26,0.0,101100.88247680668
2024-07-29,0.0,101100.88247680668
2024-07-30,0.0,101100.88247680668
2024-07-31,0.0,101100.88247680668
2024-08-01,0.0,101100.88247680668
2024-08-02,0.0,101100.88247680668
2024-08-05,0.0,101100.88247680668
2024-08-06,0.0,101100.88247680668
2024-08-07,0.0,101100.88247680668
2024-08-08,0.0,101100.88247680668
2024-08-09,0.0,101100.88247680668
2024-08-12,0.0,101100.88247680668
2024-08-13,0.0,101100.88247680668
2024-08-14,0.0,101100.88247680668
2024-08-15,0.0,101100.88247680668
2024-08-16,0.0,101100.88247680668
2024-08-19,0.0,101100.88247680668
2024-08-20,0.0,101100.88247680668
2024-08-21,0.0,101100.88247680668
2024-08-22,0.0,101100.88247680668
2024-08-23,0.0,101100.88247680668
2024-08-26,0.0,101100.88247680668
2024-08-27,0.0,101100.88247680668
2024-08-28,0.0,101100.88247680668
2024-08-29,0.0,101100.88247680668
2024-08-30,0.0,101100.88247680668
2024-09-03,0.0,101100.88247680668
2024-09-04,0.0,101100.88247680668
2024-09-05,0.0,101100.88247680668
2024-09-06,0.0,101100.88247680668
2024-09-09,0.0,101100.88247680668
2024-09-10,0.0,101100.88247680668
2024-09-11,0.0,101100.88247680668
2024-09-12,0.0,101100.88247680668
2024-09-13,0.0,101100.88247680668
2024-09-16,0.0,101100.88247680668
2024-09-17,0.0,101100.88247680668
2024-09-18,0.0,101100.88247680668
2024-09-19,0.0,101100.88247680668
2024-09-20,0.0,101100.88247680668
2024-09-23,0.0,101100.88247680668
2024-09-24,0.0,101100.88247680668
2024-09-25,0.0,101100.88247680668
2024-09-26,0.0,101100.88247680668
2024-09-27,0.0,101100.88247680668
2024-09-30,0.0,101100.88247680668
2024-10-01,0.0,101100.88247680668
2024-10-02,0.0,101100.88247680668
2024-10-03,0.0,101100.88247680668
2024-10-04,0.0,101100.88247680668
2024-10-07,0.0,101100.88247680668
2024-10-08,0.0,101100.88247680668
2024-10-09,0.0,101100.88247680668
2024-10-10,0.0,101100.88247680668
2024-10-11,0.0,101100.88247680668
2024-10-14,0.0,101100.88247680668
2024-10-15,0.0,101100.88247680668
2024-10-16,0.0,101100.88247680668
2024-10-17,0.0,101100.88247680668
2024-10-18,0.0,101100.88247680668
2024-10-21,0.0,101100.88247680668
2024-10-22,0.0,101100.88247680668
2024-10-23,0.0,101100.88247680668
2024-10-24,0.0,101100.88247680668
2024-10-25,0.0,101100.88247680668
2024-10-28,0.0,101100.88247680668
2024-10-29,0.0,101100.88247680668
2024-10-30,0.0,101100.88247680668
2024-10-31,0.0,101100.88247680668
2024-11-01,0.0,101100.88247680668
2024-11-04,0.0,101100.88247680668
2024-11-05,0.0,101100.88247680668
2024-11-06,0.0,101100.88247680668
2024-11-07,0.0,101100.88247680668
2024-11-08,0.0,101100.88247680668
2024-11-11,0.0,101100.88247680668
2024-11-12,0.0,101100.88247680668
2024-11-13,0.0,101100.88247680668
2024-11-14,0.0,101100.88247680668
2024-11-15,0.0,101100.88247680668
2024-11-18,0.0,101100.88247680668
2024-11-19,0.0,101100.88247680668
2024-11-20,0.0,101100.88247680668
2024-11-21,0.0,101100.88247680668
2024-11-22,0.0,101100.88247680668
2024-11-25,0.0,101100.88247680668
2024-11-26,0.0,101100.88247680668
2024-11-27,0.0,101100.88247680668
2024-11-29,0.0,101100.88247680668
2024-12-02,0.0,101100.88247680668
2024-12-03,0.0,101100.88247680668
2024-12-04,0.0,101100.88247680668
2024-12-05,0.0,101100.88247680668
2024-12-06,0.0,101100.88247680668
2024-12-09,0.0,101100.88247680668
2024-12-10,0.0,101100.88247680668
2024-12-11,0.0,101100.88247680668
2024-12-12,0.0,101100.88247680668
2024-12-13,0.0,101100.88247680668
2024-12-16,0.0,101100.88247680668
2024-12-17,0.0,101100.88247680668
2024-12-18,0.0,101100.88247680668
2024-12-19,0.0,101100.88247680668
2024-12-20,0.0,101100.88247680668
2024-12-23,0.0,101100.88247680668
2024-12-24,0.0,101100.88247680668
2024-12-26,0.0,101100.88247680668
2024-12-27,0.0,101100.88247680668
2024-12-30,0.0,101100.88247680668
2024-12-31,0.0,101100.88247680668
2025-01-02,0.0,101100.88247680668
2025-01-03,0.0,101100.88247680668
2025-01-06,0.0,101100.88247680668
2025-01-07,0.0,101100.88247680668
2025-01-08,0.0,101100.88247680668
2025-01-10,0.0,101100.88247680668
2025-01-13,0.0,101100.88247680668
2025-01-14,0.0,101100.88247680668
2025-01-15,0.0,101100.88247680668
2025-01-16,0.0,101100.88247680668
2025-01-17,0.0,101100.88247680668
2025-01-21,0.0,101100.88247680668
2025-01-22,0.0,101100.88247680668
2025-01-23,0.0,101100.88247680668
2025-01-24,0.0,101100.88247680668
2025-01-27,0.0,101100.88247680668
2025-01-28,0.0,101100.88247680668
2025-01-29,-0.0008842528421677542,101011.48373413089
2025-01-30,0.000991938444701912,101111.68090820315
2025-01-31,0.0,101111.68090820315
2025-02-03,0.0,101111.68090820315
2025-02-04,0.0,101111.68090820315
2025-02-05,0.0,101111.68090820315
2025-02-06,0.0,101111.68090820315
2025-02-07,0.0,101111.68090820315
2025-02-10,0.0,101111.68090820315
2025-02-11,0.0,101111.68090820315
2025-02-12,0.0,101111.68090820315
2025-02-13,0.0,101111.68090820315
2025-02-14,0.0,101111.68090820315
2025-02-18,0.0,101111.68090820315
2025-02-19,0.0,101111.68090820315
2025-02-20,0.0,101111.68090820315
2025-02-21,0.0,101111.68090820315
2025-02-24,0.0,101111.68090820315
2025-02-25,0.0,101111.68090820315
2025-02-26,0.0,101111.68090820315
2025-02-27,0.0,101111.68090820315
2025-02-28,0.0,101111.68090820315
2025-03-03,0.0,101111.68090820315
2025-03-04,0.0,101111.68090820315
2025-03-05,0.0,101111.68090820315
2025-03-06,0.0,101111.68090820315
2025-03-07,0.0,101111.68090820315
2025-03-10,0.0,101111.68090820315
2025-03-11,0.0,101111.68090820315
2025-03-12,0.0,101111.68090820315
2025-03-13,0.0,101111.68090820315
2025-03-14,0.0,101111.68090820315
2025-03-17,0.0,101111.68090820315
2025-03-18,0.0,101111.68090820315
2025-03-19,0.0,101111.68090820315
2025-03-20,0.0,101111.68090820315
2025-03-21,0.0,101111.68090820315
2025-03-24,0.0,101111.68090820315
2025-03-25,0.0,101111.68090820315
2025-03-26,0.0,101111.68090820315
2025-03-27,0.0,101111.68090820315
2025-03-28,0.0,101111.68090820315
2025-03-31,0.0,101111.68090820315
2025-04-01,0.0,101111.68090820315
2025-04-02,0.0,101111.68090820315
2025-04-03,0.0,101111.68090820315
2025-04-04,0.0,101111.68090820315
2025-04-07,0.0,101111.68090820315
2025-04-08,0.0,101111.68090820315
2025-04-09,0.0,101111.68090820315
2025-04-10,0.0,101111.68090820315
2025-04-11,-0.002405051828073046,100868.50207519533
2025-04-14,-0.0013122444868222116,100736.13793945315
2025-04-15,0.0,100736.13793945315
2025-04-16,0.0,100736.13793945315
2025-04-17,0.0,100736.13793945315
2025-04-21,0.0,100736.13793945315
2025-04-22,0.0,100736.13793945315
2025-04-23,0.0,100736.13793945315
2025-04-24,0.0,100736.13793945315
2025-04-25,0.0,100736.13793945315
2025-04-28,0.0,100736.13793945315
2025-04-29,0.0,100736.13793945315
2025-04-30,0.0,100736.13793945315
2025-05-01,0.0,100736.13793945315
2025-05-02,0.0,100736.13793945315
2025-05-05,0.0,100736.13793945315
2025-05-06,0.0,100736.13793945315
2025-05-07,0.0,100736.13793945315
2025-05-08,0.0,100736.13793945315
2025-05-09,0.0,100736.13793945315
2025-05-12,0.0,100736.13793945315
2025-05-13,0.0,100736.13793945315
2025-05-14,0.0,100736.13793945315
2025-05-15,0.0,100736.13793945315
2025-05-16,0.0,100736.13793945315
2025-05-19,0.0,100736.13793945315
2025-05-20,0.0,100736.13793945315
2025-05-21,0.0,100736.13793945315
2025-05-22,0.0,100736.13793945315
2025-05-23,0.0,100736.13793945315
2025-05-27,0.0,100736.13793945315
2025-05-28,0.0,100736.13793945315
2025-05-29,0.0,100736.13793945315
2025-05-30,0.0,100736.13793945315
2025-06-02,0.0,100736.13793945315
2025-06-03,0.0,100736.13793945315
2025-06-04,0.0,100736.13793945315
2025-06-05,0.0,100736.13793945315
2025-06-06,0.0,100736.13793945315
2025-06-09,0.0,100736.13793945315
2025-06-10,0.0,100736.13793945315
2025-06-11,0.0,100736.13793945315
2025-06-12,0.0,100736.13793945315
2025-06-13,0.0,100736.13793945315
2025-06-16,0.0,100736.13793945315
2025-06-17,0.0,100736.13793945315
2025-06-18,0.0,100736.13793945315
2025-06-20,0.0,100736.13793945315
2025-06-23,0.0,100736.13793945315
2025-06-24,0.0,100736.13793945315
2025-06-25,0.0,100736.13793945315
2025-06-26,0.0,100736.13793945315
2025-06-27,0.0,100736.13793945315
2025-06-30,0.0,100736.13793945315
2025-07-01,0.0,100736.13793945315
2025-07-02,0.0,100736.13793945315
2025-07-03,0.0012524622788938622,100862.30615234378
2025-07-07,-0.0008921527977669985,100772.32156372073
2025-07-08,0.0,100772.32156372073
2025-07-09,0.0,100772.32156372073
2025-07-10,0.0,100772.32156372073
2025-07-11,0.0,100772.32156372073
2025-07-14,0.0,100772.32156372073
2025-07-15,0.0,100772.32156372073
2025-07-16,0.0,100772.32156372073
2025-07-17,0.0,100772.32156372073
2025-07-18,0.0,100772.32156372073
2025-07-21,0.0,100772.32156372073
2025-07-22,0.0,100772.32156372073
2025-07-23,0.0,100772.32156372073
2025-07-24,0.0,100772.32156372073
2025-07-25,0.0,100772.32156372073
2025-07-28,0.0,100772.32156372073
2025-07-29,0.0,100772.32156372073
2025-07-30,0.0,100772.32156372073
2025-07-31,0.0,100772.32156372073
2025-08-01,0.0,100772.32156372073
2025-08-04,0.0,100772.32156372073
2025-08-05,0.0,100772.32156372073
2025-08-06,0.0,100772.32156372073
2025-08-07,0.0,100772.32156372073
2025-08-08,0.0,100772.32156372073
2025-08-11,0.0,100772.32156372073
2025-08-12,0.0,100772.32156372073
2025-08-13,0.0,100772.32156372073
2025-08-14,0.0,100772.32156372073
2025-08-15,0.0,100772.32156372073
2025-08-18,0.0,100772.32156372073
2025-08-19,0.0,100772.32156372073
2025-08-20,0.0,100772.32156372073
2025-08-21,0.0,100772.32156372073
2025-08-22,0.0,100772.32156372073
2025-08-25,0.0,100772.32156372073
2025-08-26,0.0,100772.32156372073
2025-08-27,0.0,100772.32156372073
2025-08-28,0.0,100772.32156372073
2025-08-29,0.0,100772.32156372073
2025-09-02,0.0,100772.32156372073
2025-09-03,0.0,100772.32156372073
2025-09-04,0.0,100772.32156372073
2025-09-05,0.0,100772.32156372073
2025-09-08,0.0,100772.32156372073
2025-09-09,0.0,100772.32156372073
2025-09-10,0.0,100772.32156372073
2025-09-11,0.0,100772.32156372073
2025-09-12,0.0,100772.32156372073
2025-09-15,0.0,100772.32156372073
2025-09-16,0.0,100772.32156372073
2025-09-17,0.0,100772.32156372073
2025-09-18,0.0,100772.32156372073
2025-09-19,0.0,100772.32156372073
2025-09-22,0.0,100772.32156372073
2025-09-23,0.0,100772.32156372073
2025-09-24,0.0,100772.32156372073
2025-09-25,0.0,100772.32156372073
2025-09-26,0.0,100772.32156372073
2025-09-29,0.0,100772.32156372073
2025-09-30,0.0,100772.32156372073
2025-10-01,0.0,100772.32156372073
2025-10-02,0.0,100772.32156372073
2025-10-03,0.0,100772.32156372073
2025-10-06,0.0,100772.32156372073
2025-10-07,0.0,100772.32156372073
2025-10-08,0.0,100772.32156372073
2025-10-09,0.0,100772.32156372073
2025-10-10,0.0,100772.32156372073
2025-10-13,0.0,100772.32156372073
2025-10-14,0.0,100772.32156372073
2025-10-15,0.0,100772.32156372073
2025-10-16,0.0,100772.32156372073
2025-10-17,0.0,100772.32156372073
2025-10-20,0.0,100772.32156372073
2025-10-21,0.0,100772.32156372073
2025-10-22,0.0,100772.32156372073
2025-10-23,0.0,100772.32156372073
2025-10-24,0.0,100772.32156372073
2025-10-27,0.0,100772.32156372073
2025-10-28,0.0,100772.32156372073
2025-10-29,0.0,100772.32156372073
2025-10-30,0.0,100772.32156372073
2025-10-31,0.0,100772.32156372073
2025-11-03,0.0,100772.32156372073
2025-11-04,0.0,100772.32156372073
2025-11-05,0.0,100772.32156372073
2025-11-06,0.0,100772.32156372073
2025-11-07,0.0,100772.32156372073
2025-11-10,0.0,100772.32156372073
2025-11-11,0.0,100772.32156372073
2025-11-12,0.0,100772.32156372073
2025-11-13,0.0,100772.32156372073
2025-11-14,0.0,100772.32156372073
2025-11-17,0.0,100772.32156372073
2025-11-18,0.0,100772.32156372073
2025-11-19,0.0,100772.32156372073
2025-11-20,0.0,100772.32156372073
2025-11-21,0.0,100772.32156372073
2025-11-24,0.0,100772.32156372073
2025-11-25,0.0,100772.32156372073
2025-11-26,0.0,100772.32156372073
2025-11-28,0.0,100772.32156372073
2025-12-01,0.0,100772.32156372073
2025-12-02,0.0,100772.32156372073
2025-12-03,0.0,100772.32156372073
